net,length_um
clk,1131.21
net26,973.76
net54,970.5
net2,966.97
net22,959.42
net23,951.68
net19,950.22
net13,950
net25,942.74
net33,941.76
net10,941.04
net21,938.58
net29,936.76
net58,936.32
net3,935.96
net24,935.68
net32,935.37
net31,934.78
net30,934.155
net28,933.08
net20,932.9
net15,931.9
net9,931.32
net6,929.72
net57,929.215
net27,929.02
net8,927.98
net51,927.6
net4,927.06
net7,926.76
net16,925.68
net5,925.42
net1,924.7
net14,924.36
net12,920.44
net17,918.9
net18,917.06
net59,916.24
net11,915
net38,914.92
net61,914.8
net36,909.12
net60,907.165
net39,905.75
net63,902.86
net37,901.88
net40,899.88
net62,899.2
net34,897.56
net41,895.84
net44,887.68
net56,884.08
net35,883.64
net46,879.14
net42,878.42
net52,877.555
net49,871.9
net55,865.84
net53,862.66
net45,860.1
net43,858.46
net50,857.12
net48,855.08
net47,851.38
clknet_0_clk,522.1
_0434_,384.74
_1157_,384.61
_0404_,381.55
_0396_,371.25
_0506_,369.725
_0471_,369.65
_1169_,365.36
_0406_,355.88
_1171_,347.58
_0505_,346.63
_0466_,343.18
_0424_,333.68
_0380_,328.44
_0390_,321.59
_0520_,320.88
_0519_,318.77
_1200_,315.82
_0399_,310.72
_0436_,308.03
_1175_,307.98
_1167_,306.96
_1073_,302.86
_1112_,302.26
_0552_,300.75
_1061_,299.36
clknet_3_4__leaf_clk,298.48
_1067_,297.63
_0980_,297.435
_0445_,296.84
_0439_,296.505
_0493_,294.01
_1082_,293.8
_1078_,292.69
_0379_,291.675
_0372_,291.36
_1189_,290.04
_1203_,289.56
clknet_3_2__leaf_clk,289.5
_1075_,287.2
_0971_,284.82
_1120_,284.32
_0569_,282.56
_0419_,282.19
_0981_,281.9
_0403_,280.405
_1155_,278.52
cycle_counter\[3\],277.48
_0411_,276.535
_0453_,276.14
_0973_,275.96
_0959_,274.64
_1118_,273.74
_0526_,272.12
clknet_3_6__leaf_clk,271.54
_0531_,271.53
_0979_,271.19
_0392_,269.82
_0414_,269.28
_0524_,268.62
_0480_,267.86
clknet_3_5__leaf_clk,266.3
_0964_,265.5
_1062_,262.86
_1186_,261.82
_1122_,261.06
_0562_,260.78
_1182_,260.76
_0423_,258.16
_1166_,257.64
_1248_,257.32
clknet_3_3__leaf_clk,256.56
_0431_,256.48
_1088_,255.34
_0498_,253.93
_1146_,253.92
_0966_,251.71
_1172_,251.53
_0447_,251.46
_0385_,249.755
_0983_,248.08
_0492_,247.42
_0446_,247.395
_0542_,247.34
_0968_,247.1
_1174_,245.52
clknet_3_1__leaf_clk,244.94
_1066_,244.78
_1207_,242.755
_0450_,241.665
_1068_,241.48
_1142_,239.13
_0588_,238.88
_1108_,237.26
_0635_,237.08
_1205_,236.29
_0402_,235.72
_1173_,235.07
_0967_,234.34
_1193_,233.64
_0982_,233.36
_0662_,231.86
_0611_,229.44
_1092_,229.22
_1209_,228.95
_1148_,227.06
_0970_,226.98
_1163_,226.06
_0631_,223.58
_0373_,223.07
_1076_,222.5
_1090_,222.3
_1114_,221.95
_0712_,221.19
_0444_,221.08
_0420_,220.94
_1165_,220.48
_0624_,219.92
_0969_,218.88
_1060_,217.56
_1185_,216.48
_1150_,216.4
_1191_,216.2
_0975_,215.33
_1124_,214.88
_0974_,214.22
_0641_,214.175
_1250_,213.955
_0443_,212.72
_0674_,212.64
_0459_,212.54
_0395_,211.64
_1084_,210.65
_0608_,209.86
_0458_,209.36
_1116_,209.13
_0640_,208.58
_0963_,208
_1144_,205.84
_0962_,205.575
_1063_,205.5
_1081_,205.44
_0391_,205.27
_0449_,205.23
_0435_,205.19
_0463_,204.98
_0679_,204.1
_1086_,203.96
_1190_,202.4
clknet_3_0__leaf_clk,202.33
_0978_,201.83
_1109_,200.69
_1241_,200.18
_0547_,199.91
_0425_,199.45
_0976_,199.32
_0412_,199.14
_1072_,198.38
_1251_,198.38
_1071_,198.26
_1065_,197.86
_1100_,197.06
_0426_,196.3
_0801_,195.94
_1152_,195.84
_1106_,195.67
_0548_,195.34
_0415_,195.075
_0961_,194.5
_0648_,193.77
_1249_,193.1
_1103_,193.06
_1110_,192.55
_0599_,191.72
_1085_,191.54
_1069_,188.96
_0368_,188.83
_1070_,188.76
_0400_,187.72
_1133_,187.7
_0384_,187.06
_0653_,185.78
_0965_,185.58
_0977_,185.54
_1098_,185.14
_0795_,184.295
_0627_,184.09
_1096_,183.36
_1129_,183.27
_0705_,182.26
_0618_,182.24
_1130_,181.64
_1187_,181.38
_1126_,180.68
_0687_,180.18
_1156_,177.68
_1154_,177.13
_0364_,175.48
_1160_,175.36
_0783_,174.79
_1102_,173.58
_1179_,173.57
_1211_,172.315
_0686_,171.88
clknet_3_7__leaf_clk,170.96
_1064_,170.66
_1134_,169.42
_0606_,169.045
_0365_,167.59
_1188_,166.86
_1127_,166.3
_0401_,166.2
_0701_,164.14
_1105_,162.19
_0763_,161.66
_0645_,161.02
_0700_,157.18
_0707_,157.14
_1247_,156.13
_0813_,154.755
_1192_,152.44
_1221_,152.24
_0972_,151.94
_1138_,151.34
_1074_,148.46
_0381_,148.39
_1136_,147.25
_0805_,146.72
_1183_,145.2
_1225_,144.95
_0394_,144.48
_0960_,142.22
_1132_,142.16
_1227_,140.9
_1140_,140.78
_0382_,139.38
_1202_,137.08
_1184_,135.95
_1223_,134.94
_0860_,134.72
_0958_,133.72
_1199_,133.64
_1181_,131.84
_0871_,129.03
_1217_,128.58
_0861_,126.72
_0872_,123.52
clknet_leaf_58_clk,121.055
_0717_,116.62
_1219_,116.08
cdb_inst.alu_req,115.92
_1094_,114.8
_0762_,113.18
clknet_leaf_14_clk,111.68
clknet_leaf_9_clk,110.22
_0430_,109.48
clknet_leaf_48_clk,105.3
clknet_leaf_59_clk,102.67
clknet_leaf_7_clk,102.4
clknet_leaf_50_clk,101.74
clknet_leaf_37_clk,97.54
_0732_,97.46
_0933_,97.34
clknet_leaf_6_clk,97.22
clknet_leaf_23_clk,95.9
clknet_leaf_55_clk,93.76
_0697_,93.74
clknet_leaf_0_clk,93.435
clknet_leaf_1_clk,90.36
_0778_,87.94
_0370_,85.84
rs_inst.busy\[5\],84.88
_0378_,84.1
clknet_leaf_25_clk,84.095
clknet_leaf_21_clk,84.02
_0897_,83.78
_0417_,83.4
clknet_leaf_38_clk,83.26
clknet_leaf_44_clk,83.14
clknet_leaf_31_clk,81.82
_0942_,81.42
rs_inst.execute_clear,80.52
clknet_leaf_53_clk,79.86
_0747_,79.64
clknet_leaf_40_clk,79.01
_0884_,78.88
clknet_leaf_17_clk,78.58
_0866_,78.46
clknet_leaf_52_clk,77.74
_0371_,77.48
clknet_leaf_10_clk,77.1
clknet_leaf_24_clk,76.56
clknet_leaf_42_clk,76.48
clknet_leaf_29_clk,76.34
_0663_,76.32
_1026_,76.18
_1079_,76.06
clknet_leaf_12_clk,75.28
_0858_,74.52
_1077_,74.1
clknet_leaf_2_clk,73.92
_0910_,73.46
_0812_,73.1
_0828_,72.48
_0867_,69.52
_0869_,69.4
clknet_leaf_30_clk,67.94
_0427_,67.9
_0794_,67.58
clknet_leaf_13_clk,67.52
clknet_leaf_3_clk,65.64
_0843_,65.62
clknet_leaf_15_clk,64.72
clknet_leaf_18_clk,62.96
_0955_,62.58
_0868_,61.56
_0920_,59.68
clknet_leaf_51_clk,59.1
_0916_,58.98
_1034_,58.48
_0946_,58.38
clknet_leaf_8_clk,58.3
net66,57.44
clknet_leaf_26_clk,56.26
_0530_,56.22
_0923_,55.92
clknet_leaf_34_clk,55.66
clknet_leaf_56_clk,54.72
clknet_leaf_46_clk,54.6
_0680_,54.44
clknet_leaf_33_clk,53.14
_0929_,53
_0432_,52.62
_0555_,52.28
clknet_leaf_54_clk,51.96
_0661_,50.2
_0987_,50.2
_0572_,49.36
clknet_leaf_49_clk,49.24
net68,48.995
clknet_leaf_45_clk,48.6
_0907_,48.52
rs_inst.busy\[3\],48.2
_0616_,48.14
clknet_leaf_20_clk,47.88
_0644_,46.36
rs_inst.busy\[1\],46.36
clknet_leaf_27_clk,46.02
net64,45.6
_0704_,45.56
_1025_,45.46
_0462_,45.28
rs_inst.vj_arr\[3\]\[5\],44.38
clknet_leaf_22_clk,44.02
clknet_leaf_5_clk,43.04
clknet_leaf_39_clk,42.34
rs_inst.busy\[2\],42.27
_0651_,42.2
_1018_,41.48
clknet_leaf_4_clk,40.36
_0668_,40.24
clknet_leaf_36_clk,40.24
_0587_,40.1
_0604_,39.66
_0936_,39.36
_0722_,38.58
rs_inst.vj_arr\[6\]\[28\],38.58
net393,38.48
_0490_,38.42
_0504_,38.4
cdb_inst.alu_value\[25\],38.12
_1176_,37.88
clknet_leaf_57_clk,37.44
_0643_,36.9
_0630_,36.42
clknet_leaf_43_clk,36.3
rs_inst.vj_arr\[0\]\[27\],35.88
clknet_leaf_41_clk,35.86
_1011_,35.38
_0367_,34.96
clknet_leaf_60_clk,34.88
_0536_,33.86
clknet_leaf_19_clk,33.84
_0746_,33.7
_0731_,33
rs_inst.vj_arr\[7\]\[28\],32.74
_0678_,32.56
_0593_,32.42
_1032_,31.96
_0752_,31.76
_0737_,31.64
_0564_,31.56
rs_inst.vj_arr\[0\]\[20\],31.52
_0499_,31.04
_0949_,31.02
_1009_,31.02
_0543_,30.92
_0881_,30.56
_0994_,30.4
_0913_,30.08
_0623_,30.06
_0685_,29.92
_0516_,29.9
rs_inst.vj_arr\[7\]\[26\],29.81
rs_inst.vj_arr\[0\]\[28\],29.68
rs_inst.busy\[7\],29.56
_0551_,29.36
_0791_,29.2
clknet_leaf_16_clk,29.2
_0756_,28.98
_0568_,28.82
rs_inst.vj_arr\[7\]\[25\],28.52
rs_inst.vj_arr\[4\]\[17\],28.32
_0639_,27.8
_1056_,27.74
_0491_,27.6
rs_inst.vj_arr\[1\]\[25\],27.46
_0621_,27.12
_0716_,26.98
_0659_,26.54
_0761_,25.52
rs_inst.busy\[6\],25.26
_0863_,24.8
_0513_,24.72
_0806_,24.7
_0825_,24.64
_1028_,24.46
_0478_,24.32
rs_inst.vj_arr\[2\]\[29\],24.14
_1043_,24.1
_0797_,23.86
_1010_,23.5
_0474_,23.42
_0847_,23.42
_0508_,23.38
_0837_,23.16
rs_inst.vj_arr\[4\]\[14\],22.84
rs_inst.vj_arr\[7\]\[27\],22.695
_0874_,22.64
_0510_,22.58
rs_inst.vj_arr\[4\]\[25\],22.58
rs_inst.vj_arr\[4\]\[27\],22.58
_1178_,22.56
_0696_,22.46
_0541_,22.38
_0853_,22.24
rs_inst.vj_arr\[3\]\[31\],22.22
_1002_,22.04
rs_inst.vj_arr\[2\]\[27\],22.04
_0822_,21.96
_0442_,21.94
_0898_,21.82
_1016_,21.54
rs_inst.vj_arr\[2\]\[28\],21.38
cdb_inst.alu_value\[29\],21.34
cycle_counter\[0\],21.34
_0902_,21.32
_1162_,21.295
_1000_,21.26
rs_inst.vj_arr\[1\]\[27\],21.26
_0408_,21.24
_0580_,21.14
_0428_,20.98
_1177_,20.86
_0636_,20.58
rs_inst.vj_arr\[4\]\[18\],20.54
_0577_,20.44
_0852_,20.44
_0486_,20.32
_0900_,20.3
_0366_,20.26
rs_inst.vj_arr\[5\]\[18\],20.14
rs_inst.vj_arr\[2\]\[6\],20.08
cdb_inst.alu_value\[22\],20.02
_0894_,19.96
net388,19.94
_0473_,19.92
_0788_,19.9
_0481_,19.78
rs_inst.vj_arr\[4\]\[13\],19.62
cdb_inst.alu_value\[8\],19.54
_0809_,19.52
rs_inst.vj_arr\[5\]\[6\],19.4
rs_inst.vj_arr\[2\]\[7\],19.36
_0584_,19.28
_0889_,19.16
_0511_,19.02
_0638_,18.96
_1053_,18.92
rs_inst.vj_arr\[2\]\[16\],18.9
net259,18.66
_0595_,18.6
_0495_,18.52
_1036_,18.52
_0154_,18.505
_0870_,18.5
_0469_,18.26
_0830_,18.24
rs_inst.vj_arr\[4\]\[12\],18.14
cdb_inst.alu_value\[12\],18.11
net292,18.06
rs_inst.vj_arr\[2\]\[26\],17.98
rs_inst.vj_arr\[5\]\[24\],17.98
rs_inst.vj_arr\[2\]\[2\],17.9
rs_inst.vj_arr\[5\]\[15\],17.86
rs_inst.vj_arr\[4\]\[16\],17.82
cdb_inst.alu_value\[15\],17.8
rs_inst.vj_arr\[6\]\[24\],17.74
_1039_,17.72
_0477_,17.6
rs_inst.vj_arr\[4\]\[26\],17.6
_0694_,17.58
_0596_,17.38
cdb_inst.alu_value\[14\],17.38
rs_inst.busy\[0\],17.38
net241,17.36
_1008_,17.26
_0792_,17.18
rs_inst.vj_arr\[1\]\[31\],17.18
rs_inst.vj_arr\[2\]\[11\],17.12
_0876_,17.02
rs_inst.vj_arr\[2\]\[25\],16.98
_0757_,16.92
_1123_,16.9
rs_inst.vj_arr\[2\]\[3\],16.9
_0878_,16.88
_0891_,16.88
net67,16.72
_0779_,16.64
_1044_,16.62
rs_inst.vj_arr\[0\]\[29\],16.48
_0887_,16.44
rs_inst.vj_arr\[6\]\[25\],16.28
cdb_inst.alu_value\[30\],16.26
_1030_,16.245
_0528_,16.24
rs_inst.vj_arr\[1\]\[20\],16.24
_0454_,16.22
net65,16.22
cdb_inst.alu_value\[27\],16.2
net325,16.18
rs_inst.vj_arr\[0\]\[26\],15.98
rs_inst.vj_arr\[6\]\[29\],15.92
rs_inst.vj_arr\[6\]\[2\],15.92
_0570_,15.88
rs_inst.vj_arr\[5\]\[29\],15.88
_0735_,15.8
rs_inst.vj_arr\[1\]\[24\],15.72
_1168_,15.64
_1212_,15.64
rs_inst.vj_arr\[6\]\[13\],15.64
cdb_inst.alu_value\[31\],15.58
rs_inst.vj_arr\[5\]\[8\],15.43
_0945_,15.38
_0815_,15.34
_0926_,15.3
cdb_inst.alu_value\[28\],15.29
rs_inst.vj_arr\[5\]\[17\],15.26
_0579_,15.24
rs_inst.vj_arr\[2\]\[12\],15.24
rs_inst.vj_arr\[6\]\[15\],15.1
_0496_,15.02
_1005_,14.915
_0118_,14.86
cdb_inst.alu_value\[23\],14.86
_1051_,14.82
rs_inst.vj_arr\[7\]\[9\],14.78
_0601_,14.64
_0885_,14.6
rs_inst.vj_arr\[7\]\[17\],14.56
_0677_,14.5
_0838_,14.48
_0724_,14.44
_0455_,14.42
rs_inst.vj_arr\[5\]\[13\],14.42
cdb_inst.alu_value\[26\],14.37
_0993_,14.36
_0840_,14.34
rs_inst.vj_arr\[1\]\[22\],14.34
cdb_inst.alu_value\[24\],14.32
_0204_,14.265
rs_inst.vj_arr\[2\]\[18\],14.22
_0263_,14.185
_0790_,14.18
rs_inst.vj_arr\[5\]\[31\],14.18
cdb_inst.alu_value\[21\],14.14
rs_inst.vj_arr\[4\]\[28\],14.14
cdb_inst.alu_value\[2\],14.12
_0539_,14.08
_0666_,14.08
_0377_,14.02
rs_inst.vj_arr\[4\]\[2\],13.8
cdb_inst.alu_value\[3\],13.78
_0753_,13.76
_0772_,13.66
_0475_,13.54
_0563_,13.52
_0765_,13.5
_0925_,13.5
rs_inst.vj_arr\[2\]\[5\],13.4
_0715_,13.38
rs_inst.vj_arr\[7\]\[2\],13.38
_0457_,13.32
rs_inst.vj_arr\[7\]\[13\],13.28
rs_inst.vj_arr\[5\]\[20\],13.26
rs_inst.vj_arr\[1\]\[12\],13.18
_0460_,13.1
_1049_,13.08
_0590_,13.04
rs_inst.vj_arr\[0\]\[30\],13.04
rs_inst.vj_arr\[7\]\[1\],13.04
rs_inst.vj_arr\[4\]\[15\],12.96
cdb_inst.alu_value\[16\],12.94
rs_inst.vj_arr\[5\]\[19\],12.92
rs_inst.vj_arr\[7\]\[0\],12.92
_1216_,12.88
rs_inst.vj_arr\[1\]\[29\],12.88
rs_inst.vj_arr\[3\]\[28\],12.88
rs_inst.vj_arr\[7\]\[31\],12.8
_0672_,12.76
_0944_,12.76
rs_inst.vj_arr\[2\]\[8\],12.76
cdb_inst.alu_value\[20\],12.72
net316,12.7
rs_inst.vj_arr\[1\]\[26\],12.66
_1161_,12.62
rs_inst.vj_arr\[7\]\[20\],12.6
_0416_,12.58
cdb_inst.alu_value\[4\],12.58
rs_inst.vj_arr\[6\]\[0\],12.56
rs_inst.vj_arr\[5\]\[22\],12.48
rs_inst.vj_arr\[4\]\[0\],12.46
_0909_,12.38
net329,12.38
_0998_,12.32
_0598_,12.24
_0764_,12.24
_1058_,12.2
_0727_,12.18
_1033_,12.18
_0502_,12.16
dmem_addr[17],12.16
net220,12.16
_0509_,12.14
_0845_,12.14
rs_inst.vj_arr\[3\]\[0\],12.12
_1158_,12.1
_0489_,12.04
_0742_,12.04
rs_inst.vj_arr\[5\]\[14\],12.04
rs_inst.vj_arr\[4\]\[3\],11.92
_0952_,11.84
rs_inst.vj_arr\[2\]\[15\],11.84
_0354_,11.805
rs_inst.vj_arr\[0\]\[12\],11.8
rs_inst.vj_arr\[0\]\[25\],11.8
_0553_,11.78
_0243_,11.765
rs_inst.vj_arr\[1\]\[2\],11.68
_0745_,11.62
_0658_,11.58
_0846_,11.56
cdb_inst.alu_value\[9\],11.54
_0422_,11.48
rs_inst.vj_arr\[5\]\[10\],11.46
rs_inst.vj_arr\[0\]\[6\],11.42
_0040_,11.405
_0389_,11.38
_0514_,11.36
_0695_,11.36
_1022_,11.32
rs_inst.vj_arr\[0\]\[7\],11.32
rs_inst.vj_arr\[1\]\[3\],11.32
_0129_,11.28
_0582_,11.28
_0393_,11.24
rs_inst.vj_arr\[0\]\[14\],11.24
cdb_inst.alu_value\[19\],11.23
rs_inst.vj_arr\[0\]\[8\],11.22
rs_inst.vj_arr\[5\]\[26\],11.22
rs_inst.vj_arr\[4\]\[29\],11.2
rs_inst.vj_arr\[7\]\[29\],11.2
rs_inst.vj_arr\[3\]\[27\],11.18
_0699_,11.16
_0865_,11.16
_0253_,11.145
rs_inst.vj_arr\[1\]\[1\],11.1
rs_inst.vj_arr\[5\]\[7\],11.1
_0780_,11.08
rs_inst.vj_arr\[3\]\[24\],11.08
rs_inst.vj_arr\[4\]\[7\],11.08
rs_inst.vj_arr\[7\]\[12\],11.04
clknet_leaf_28_clk,11
net277,11
_0468_,10.98
_0348_,10.965
rs_inst.vj_arr\[6\]\[21\],10.96
_0575_,10.92
cdb_inst.alu_value\[6\],10.92
_0851_,10.9
_0521_,10.86
cycle_counter\[1\],10.86
_1095_,10.84
_0589_,10.8
rs_inst.vj_arr\[7\]\[8\],10.79
_0482_,10.78
_0688_,10.78
rs_inst.vj_arr\[0\]\[21\],10.78
rs_inst.vj_arr\[7\]\[22\],10.74
rs_inst.vj_arr\[6\]\[18\],10.72
_1143_,10.7
rs_inst.vj_arr\[3\]\[7\],10.62
net253,10.58
_0500_,10.56
_0831_,10.54
_0194_,10.505
rs_inst.vj_arr\[6\]\[10\],10.5
_0211_,10.485
_0470_,10.48
_0684_,10.46
_0995_,10.46
_1214_,10.44
net298,10.4
_0248_,10.385
net297,10.38
_0741_,10.34
_0882_,10.34
rs_inst.vj_arr\[2\]\[4\],10.34
_0127_,10.32
_0938_,10.32
_0892_,10.28
rs_inst.vj_arr\[6\]\[4\],10.26
_0996_,10.24
_1024_,10.24
_0836_,10.22
cdb_inst.alu_value\[10\],10.22
_1038_,10.18
rs_inst.vj_arr\[3\]\[15\],10.18
_1101_,10.16
_0329_,10.145
rs_inst.vj_arr\[6\]\[17\],10.14
rs_inst.vj_arr\[6\]\[22\],10.12
_0786_,10.08
rs_inst.vj_arr\[5\]\[4\],10.08
_0559_,10.06
_1089_,10.06
rs_inst.vj_arr\[1\]\[13\],10.04
_0532_,10
_0518_,9.98
_0776_,9.98
_1220_,9.98
rs_inst.vj_arr\[0\]\[23\],9.98
net199,9.98
_0917_,9.96
rs_inst.vj_arr\[5\]\[9\],9.96
rs_inst.vj_arr\[1\]\[14\],9.94
cdb_inst.alu_value\[17\],9.92
_0901_,9.9
rs_inst.vj_arr\[5\]\[12\],9.9
_0398_,9.86
dmem_addr[10],9.86
dmem_addr[11],9.86
dmem_addr[14],9.86
dmem_addr[16],9.86
net267,9.86
rs_inst.vj_arr\[0\]\[17\],9.84
_0369_,9.82
_0702_,9.82
_0808_,9.82
_0824_,9.82
_0873_,9.82
_1235_,9.82
rs_inst.vj_arr\[7\]\[3\],9.82
_0586_,9.76
_0136_,9.74
rs_inst.vj_arr\[0\]\[18\],9.74
_0749_,9.7
rs_inst.vj_arr\[7\]\[6\],9.7
_0048_,9.685
_0935_,9.68
_1246_,9.68
cdb_inst.alu_value\[11\],9.66
_0744_,9.64
_0883_,9.64
dmem_addr[13],9.64
rs_inst.vj_arr\[0\]\[9\],9.62
rs_inst.vj_arr\[2\]\[23\],9.58
rs_inst.vj_arr\[6\]\[11\],9.58
_0281_,9.52
_0594_,9.52
_0798_,9.52
rs_inst.vj_arr\[1\]\[5\],9.5
rs_inst.vj_arr\[0\]\[2\],9.48
rs_inst.vj_arr\[1\]\[11\],9.48
_0351_,9.445
_1052_,9.44
_0131_,9.42
_0438_,9.42
_1087_,9.42
_0646_,9.4
rs_inst.vj_arr\[3\]\[14\],9.4
net239,9.4
_0718_,9.38
rs_inst.vj_arr\[1\]\[6\],9.38
_0711_,9.36
_0734_,9.36
net180,9.36
rs_inst.vj_arr\[2\]\[9\],9.34
_0730_,9.32
rs_inst.vj_arr\[7\]\[11\],9.32
_0571_,9.28
_0721_,9.28
rs_inst.vj_arr\[6\]\[30\],9.28
_0178_,9.225
rs_inst.vj_arr\[6\]\[1\],9.2
_0232_,9.185
dmem_addr[12],9.18
dmem_addr[15],9.18
rs_inst.vj_arr\[7\]\[7\],9.16
rs_inst.vj_arr\[1\]\[17\],9.12
_0234_,9.075
_0617_,9.06
_0670_,9.06
rs_inst.vj_arr\[7\]\[10\],9.06
rs_inst.vj_arr\[5\]\[3\],9.04
rs_inst.vj_arr\[6\]\[7\],9.04
_0931_,9.02
_0940_,9.02
_1159_,9.02
rs_inst.vj_arr\[5\]\[30\],9.02
rs_inst.vj_arr\[6\]\[12\],9.02
_0237_,8.985
_0602_,8.98
_0736_,8.94
rs_inst.vj_arr\[5\]\[2\],8.94
rs_inst.vj_arr\[7\]\[19\],8.92
_0748_,8.9
_0879_,8.9
rs_inst.vj_arr\[7\]\[30\],8.9
net188,8.9
_0336_,8.865
_1121_,8.86
net321,8.84
_0306_,8.825
_0751_,8.82
rs_inst.vj_arr\[0\]\[11\],8.82
_1048_,8.79
rs_inst.vj_arr\[2\]\[17\],8.78
_0089_,8.765
_0153_,8.765
_0566_,8.74
_0196_,8.725
net70,8.72
net81,8.72
net83,8.72
net87,8.72
net90,8.72
net93,8.72
net98,8.72
net73,8.72
net101,8.72
net102,8.72
net74,8.72
net78,8.72
net79,8.72
net104,8.72
rs_inst.vj_arr\[5\]\[0\],8.72
_1243_,8.7
net305,8.7
_0171_,8.665
cdb_inst.alu_value\[0\],8.66
rs_inst.vj_arr\[1\]\[15\],8.66
rs_inst.vj_arr\[6\]\[19\],8.66
_0487_,8.64
_0201_,8.625
_1210_,8.62
rs_inst.vj_arr\[3\]\[12\],8.62
net327,8.62
rs_inst.vj_arr\[4\]\[4\],8.58
_0296_,8.56
_0440_,8.56
_0789_,8.56
_0065_,8.525
_0150_,8.525
_0301_,8.525
_0356_,8.525
_1170_,8.52
rs_inst.vj_arr\[3\]\[2\],8.52
_0433_,8.5
_0029_,8.485
_0537_,8.48
rs_inst.vj_arr\[0\]\[1\],8.46
rs_inst.vj_arr\[3\]\[11\],8.46
rs_inst.vj_arr\[4\]\[22\],8.46
_0719_,8.44
_0816_,8.44
_0875_,8.44
rs_inst.vj_arr\[6\]\[5\],8.42
rs_inst.vj_arr\[6\]\[9\],8.42
_0689_,8.38
_0725_,8.37
_0607_,8.36
rs_inst.vj_arr\[4\]\[31\],8.36
net221,8.36
rs_inst.vj_arr\[4\]\[30\],8.34
_0063_,8.325
_0074_,8.325
rs_inst.vj_arr\[0\]\[15\],8.32
rs_inst.vj_arr\[4\]\[20\],8.32
rs_inst.vj_arr\[6\]\[20\],8.32
_0101_,8.305
_0343_,8.305
_0800_,8.3
_0467_,8.28
_0692_,8.28
rs_inst.vj_arr\[2\]\[1\],8.28
_0387_,8.26
net227,8.26
net351,8.24
_0991_,8.22
_0213_,8.205
_0612_,8.2
_0784_,8.2
rs_inst.vj_arr\[7\]\[14\],8.2
_0769_,8.18
_0710_,8.16
net268,8.16
_0144_,8.145
_1242_,8.12
net134,8.12
net296,8.12
_0059_,8.065
_0064_,8.065
_0308_,8.065
_0549_,8.04
_0107_,8.025
_0517_,8.02
_0733_,8.02
rs_inst.vj_arr\[2\]\[13\],8
_0386_,7.98
rs_inst.vj_arr\[2\]\[30\],7.86
rs_inst.vj_arr\[4\]\[1\],7.86
_0083_,7.845
_0560_,7.82
rs_inst.vj_arr\[3\]\[25\],7.8
net217,7.8
rs_inst.vj_arr\[3\]\[16\],7.78
net299,7.78
net352,7.78
_0448_,7.76
_0574_,7.76
_0165_,7.745
_1014_,7.74
_0092_,7.735
_0275_,7.7
_0796_,7.7
_0051_,7.685
_0626_,7.68
rs_inst.vj_arr\[3\]\[8\],7.68
net386,7.68
_0755_,7.67
rs_inst.vj_arr\[6\]\[14\],7.64
net213,7.64
rs_inst.vj_arr\[6\]\[23\],7.635
_0007_,7.625
_1218_,7.62
_0777_,7.6
_0896_,7.6
_0904_,7.56
_1042_,7.56
net115,7.56
net126,7.56
net150,7.56
net312,7.56
_0676_,7.54
_0501_,7.52
_0628_,7.52
_0941_,7.52
net304,7.52
_0077_,7.48
rs_inst.vj_arr\[5\]\[11\],7.44
net317,7.44
rs_inst.busy\[4\],7.42
rs_inst.vj_arr\[5\]\[5\],7.4
_0146_,7.385
_0215_,7.385
_0259_,7.385
_0355_,7.385
_1007_,7.36
_0099_,7.345
net198,7.34
_0619_,7.33
_0557_,7.3
cdb_inst.alu_value\[5\],7.3
_0483_,7.26
_0738_,7.26
_0185_,7.24
_0476_,7.24
_0585_,7.24
_0803_,7.24
_0911_,7.24
net371,7.24
_0844_,7.22
_0905_,7.22
_0908_,7.22
rs_inst.vj_arr\[3\]\[6\],7.22
net177,7.22
net284,7.22
rs_inst.vj_arr\[0\]\[13\],7.2
rs_inst.vj_arr\[3\]\[22\],7.2
_0125_,7.18
_0899_,7.18
_0990_,7.18
_1017_,7.18
cdb_inst.alu_value\[18\],7.18
net260,7.16
_0451_,7.14
_0934_,7.14
_0950_,7.14
_0759_,7.12
_0102_,7.105
_0654_,7.1
_0829_,7.1
net117,7.1
net123,7.1
net230,7.1
net356,7.1
net389,7.1
_0675_,7.06
_0766_,7.06
_1194_,7.06
rs_inst.vj_arr\[6\]\[3\],7.06
net197,7.06
net359,7.06
rs_inst.vj_arr\[2\]\[22\],7.04
rs_inst.vj_arr\[4\]\[8\],6.98
net186,6.98
net249,6.98
net264,6.98
_0418_,6.94
rs_inst.vj_arr\[1\]\[30\],6.94
_0069_,6.925
_0535_,6.9
_1151_,6.88
net210,6.86
_0033_,6.825
_0082_,6.825
_0103_,6.825
_0104_,6.825
_0164_,6.825
_0172_,6.825
_0179_,6.825
_0217_,6.825
_0220_,6.825
_0252_,6.825
_0304_,6.825
_0311_,6.825
_0362_,6.825
_0928_,6.82
_1050_,6.82
_0739_,6.78
rs_inst.vj_arr\[1\]\[21\],6.78
_0177_,6.765
_0128_,6.76
_0130_,6.76
_0538_,6.76
_0545_,6.76
_0709_,6.76
_0787_,6.76
_0859_,6.76
net333,6.76
net363,6.76
_0111_,6.74
rs_inst.vj_arr\[1\]\[0\],6.74
rs_inst.vj_arr\[6\]\[8\],6.74
rs_inst.vj_arr\[7\]\[21\],6.74
net250,6.74
_0274_,6.72
_0647_,6.72
_0720_,6.72
rs_inst.vj_arr\[1\]\[16\],6.72
rs_inst.vj_arr\[6\]\[16\],6.72
_0209_,6.705
_0565_,6.7
_0060_,6.685
_0655_,6.67
_0027_,6.645
_0058_,6.645
_0823_,6.64
_1059_,6.64
rs_inst.vj_arr\[0\]\[22\],6.64
rs_inst.vj_arr\[3\]\[29\],6.64
net105,6.64
net114,6.64
net145,6.64
net181,6.64
net291,6.64
_1236_,6.6
net383,6.6
_1003_,6.58
_0554_,6.54
_0820_,6.54
net285,6.52
_0375_,6.5
_1040_,6.5
_0340_,6.465
_0817_,6.44
net82,6.43
_0260_,6.425
_0567_,6.4
rs_inst.vj_arr\[2\]\[10\],6.4
_0561_,6.38
net276,6.38
_0013_,6.365
_0086_,6.365
_0162_,6.365
_0222_,6.365
_0233_,6.365
_0256_,6.365
_0309_,6.365
_0310_,6.365
_0350_,6.365
_0358_,6.365
rs_inst.vj_arr\[7\]\[16\],6.36
_0018_,6.355
_0047_,6.345
net256,6.335
_0407_,6.32
_0556_,6.32
net295,6.32
net378,6.32
_0284_,6.3
_0544_,6.3
_0698_,6.3
_0855_,6.3
_0862_,6.3
rs_inst.vj_arr\[3\]\[21\],6.3
net306,6.3
_0523_,6.28
rs_inst.vj_arr\[1\]\[18\],6.28
rs_inst.vj_arr\[2\]\[14\],6.28
rs_inst.vj_arr\[2\]\[19\],6.28
rs_inst.vj_arr\[5\]\[23\],6.28
rs_inst.vj_arr\[6\]\[26\],6.28
rs_inst.vj_arr\[6\]\[31\],6.28
cdb_inst.alu_value\[1\],6.26
rs_inst.vj_arr\[3\]\[23\],6.26
_0017_,6.225
_0088_,6.225
dmem_addr[22],6.21
dmem_addr[27],6.21
dmem_addr[28],6.21
imem_addr[11],6.21
imem_addr[12],6.21
imem_addr[24],6.21
imem_addr[28],6.21
imem_addr[2],6.21
imem_addr[4],6.21
imem_addr[7],6.21
_0515_,6.2
_0359_,6.185
_0657_,6.18
_0767_,6.18
_1164_,6.18
_1244_,6.18
cycle_counter\[2\],6.18
rs_inst.vj_arr\[1\]\[28\],6.18
rs_inst.vj_arr\[5\]\[27\],6.18
net167,6.18
net201,6.18
net236,6.18
net245,6.18
net375,6.18
_0383_,6.14
_0484_,6.14
_0728_,6.14
_0743_,6.14
_0943_,6.14
_0999_,6.14
cdb_inst.alu_value\[7\],6.14
_0673_,6.13
dmem_addr[23],6.09
_0305_,6.065
_0832_,6.06
net165,6.06
_0001_,6.04
_1054_,6.04
_0827_,6.02
_0479_,5.98
net322,5.98
_0073_,5.965
_0338_,5.965
_0421_,5.96
_0374_,5.92
_1206_,5.9
_1237_,5.9
rs_inst.vj_arr\[7\]\[24\],5.9
dmem_addr[19],5.87
dmem_addr[24],5.87
imem_addr[10],5.87
imem_addr[19],5.87
imem_addr[9],5.87
_0126_,5.86
_0135_,5.86
_0534_,5.86
_0754_,5.86
_0918_,5.86
net326,5.86
_0409_,5.84
_0810_,5.84
_0856_,5.84
rs_inst.vj_arr\[0\]\[19\],5.84
rs_inst.vj_arr\[0\]\[24\],5.84
rs_inst.vj_arr\[0\]\[3\],5.84
rs_inst.vj_arr\[3\]\[30\],5.84
net112,5.84
net332,5.84
net336,5.84
net384,5.84
_0294_,5.8
_0681_,5.8
_1006_,5.8
rs_inst.vj_arr\[1\]\[7\],5.8
rs_inst.vj_arr\[3\]\[18\],5.8
rs_inst.vj_arr\[7\]\[15\],5.8
net274,5.8
net282,5.8
_0210_,5.765
dmem_addr[2],5.75
dmem_addr[5],5.75
net95,5.75
_0740_,5.74
_0116_,5.72
_0992_,5.72
_1240_,5.72
rs_inst.vj_arr\[0\]\[4\],5.72
rs_inst.vj_arr\[1\]\[4\],5.72
net174,5.72
net242,5.72
_0634_,5.7
_0821_,5.7
_0298_,5.68
_0494_,5.68
_1107_,5.68
_1119_,5.68
net237,5.68
net303,5.68
net348,5.68
_0078_,5.605
rs_inst.vj_arr\[4\]\[24\],5.6
rs_inst.vj_arr\[4\]\[9\],5.6
rs_inst.vj_arr\[6\]\[27\],5.6
_0022_,5.58
_0236_,5.58
_0842_,5.58
dmem_addr[18],5.53
dmem_addr[21],5.53
dmem_addr[25],5.53
imem_addr[16],5.53
imem_addr[17],5.53
imem_addr[21],5.53
imem_addr[26],5.53
imem_addr[29],5.53
imem_addr[31],5.53
imem_addr[3],5.53
imem_addr[5],5.53
imem_addr[8],5.53
rst,5.53
net328,5.52
_0071_,5.505
_0671_,5.48
rs_inst.vj_arr\[5\]\[1\],5.48
net118,5.48
_0723_,5.46
imem_addr[14],5.41
_0114_,5.4
rs_inst.vj_arr\[4\]\[5\],5.4
_0138_,5.38
_0927_,5.38
rs_inst.vj_arr\[3\]\[19\],5.38
rs_inst.vj_arr\[7\]\[18\],5.38
net140,5.38
net347,5.38
rs_inst.vj_arr\[0\]\[5\],5.36
net120,5.36
_0037_,5.345
_0038_,5.345
_0609_,5.34
_0660_,5.34
_1015_,5.34
_1204_,5.34
_1215_,5.34
_1230_,5.34
rs_inst.vj_arr\[0\]\[10\],5.34
rs_inst.vj_arr\[5\]\[28\],5.34
_0212_,5.305
_0339_,5.305
net88,5.29
net97,5.29
net75,5.29
_0113_,5.28
rs_inst.vj_arr\[2\]\[0\],5.28
rs_inst.vj_arr\[2\]\[21\],5.28
_0041_,5.265
_0061_,5.265
_0084_,5.265
_0620_,5.26
rs_inst.vj_arr\[1\]\[8\],5.26
rs_inst.vj_arr\[7\]\[23\],5.26
net171,5.26
net278,5.26
net308,5.26
_0140_,5.24
_0693_,5.22
_0758_,5.22
_0912_,5.22
_0947_,5.22
_1117_,5.22
_1149_,5.22
_1153_,5.22
_1213_,5.22
_1233_,5.22
cdb_inst.alu_value\[13\],5.2
imem_addr[18],5.19
_0264_,5.16
rs_inst.vj_arr\[0\]\[16\],5.14
_0461_,5.12
_0591_,5.12
_0603_,5.12
_1047_,5.12
dmem_addr[1],5.07
dmem_addr[7],5.07
dmem_addr[9],5.07
net86,5.07
net94,5.07
net80,5.07
net69,5.07
_0924_,5.06
_0241_,5.045
_0485_,5.04
_0893_,5.02
_1037_,5.02
_0578_,5
_0613_,5
_1147_,5
dmem_addr[4],4.95
dmem_addr[6],4.95
dmem_addr[8],4.95
_0573_,4.94
_0605_,4.94
_0703_,4.94
_0726_,4.94
_0814_,4.94
rs_inst.vj_arr\[3\]\[17\],4.94
rs_inst.vj_arr\[4\]\[19\],4.94
_0282_,4.92
_0633_,4.92
_0665_,4.92
_0760_,4.92
rs_inst.vj_arr\[0\]\[0\],4.92
rs_inst.vj_arr\[3\]\[1\],4.92
rs_inst.vj_arr\[3\]\[26\],4.92
rs_inst.vj_arr\[3\]\[3\],4.92
rs_inst.vj_arr\[3\]\[9\],4.92
rs_inst.vj_arr\[7\]\[4\],4.92
net111,4.92
net113,4.92
net215,4.92
net234,4.92
net340,4.92
_0110_,4.9
_0376_,4.9
_0768_,4.9
rs_inst.vj_arr\[2\]\[20\],4.9
rs_inst.vj_arr\[4\]\[6\],4.9
rs_inst.vj_arr\[7\]\[5\],4.9
net243,4.9
_0299_,4.88
_0649_,4.88
_0656_,4.88
_0997_,4.88
_1208_,4.88
_1228_,4.88
rs_inst.vj_arr\[3\]\[20\],4.88
dmem_addr[20],4.85
dmem_addr[26],4.85
dmem_addr[29],4.85
dmem_addr[30],4.85
dmem_addr[31],4.85
imem_addr[13],4.85
imem_addr[15],4.85
imem_addr[20],4.85
imem_addr[22],4.85
imem_addr[25],4.85
imem_addr[27],4.85
imem_addr[30],4.85
imem_addr[6],4.85
_0032_,4.845
_0100_,4.845
_0328_,4.845
_0115_,4.82
_1057_,4.82
_0142_,4.805
_0332_,4.805
_0522_,4.8
_0930_,4.8
rs_inst.vj_arr\[1\]\[10\],4.8
net137,4.8
net138,4.8
net187,4.8
net195,4.8
net331,4.8
_0335_,4.785
_0293_,4.76
imem_addr[23],4.73
_0081_,4.725
_0322_,4.7
_0288_,4.68
_0024_,4.625
_0028_,4.625
_0049_,4.625
_0169_,4.625
_0208_,4.625
_0214_,4.625
net71,4.61
net84,4.61
net77,4.61
_0151_,4.605
_0782_,4.6
_0034_,4.585
_0239_,4.585
_0251_,4.58
_0989_,4.54
_1113_,4.54
_1115_,4.54
_1141_,4.54
_0068_,4.525
net116,4.51
_0437_,4.48
_0664_,4.48
_1197_,4.48
rs_inst.vj_arr\[1\]\[23\],4.48
rs_inst.vj_arr\[3\]\[10\],4.48
rs_inst.vj_arr\[3\]\[13\],4.48
net182,4.48
_0119_,4.46
_0122_,4.46
_0771_,4.46
_0775_,4.46
_0781_,4.46
_0807_,4.46
_1020_,4.46
rs_inst.vj_arr\[2\]\[24\],4.46
net106,4.46
net211,4.46
net229,4.46
net289,4.46
net354,4.46
_0818_,4.44
_0597_,4.42
net89,4.39
net91,4.39
net92,4.39
net96,4.39
net76,4.39
net103,4.39
_0176_,4.385
_0184_,4.385
_0690_,4.36
_1019_,4.36
_0163_,4.34
_0890_,4.34
rs_inst.vj_arr\[2\]\[31\],4.34
net119,4.34
net169,4.34
net173,4.34
net196,4.34
net235,4.34
net366,4.34
dmem_addr[0],4.27
dmem_addr[3],4.27
_0238_,4.24
_0268_,4.24
_0314_,4.24
_0324_,4.24
_0333_,4.24
net175,4.24
net202,4.24
net381,4.24
net382,4.24
rs_inst.vj_arr\[4\]\[21\],4.22
_0622_,4.2
_0025_,4.195
_0053_,4.165
_0267_,4.165
_0320_,4.165
net192,4.14
net362,4.14
_0405_,4.12
_0785_,4.12
_0465_,4.08
_0307_,4.065
_0134_,4.02
_0583_,4.02
_0642_,4.02
_0839_,4.02
_1135_,4.02
_1196_,4.02
net290,4.02
_1245_,4.01
_0117_,4
_0283_,4
_0285_,4
_0729_,4
_0986_,4
rs_inst.vj_arr\[3\]\[4\],4
rs_inst.vj_arr\[5\]\[25\],4
net158,4
net166,4
net216,4
net223,4
net254,4
net358,4
net368,4
rs_inst.vj_arr\[4\]\[10\],3.98
_0030_,3.965
_0090_,3.965
net85,3.93
net72,3.93
net99,3.93
net100,3.93
_0004_,3.925
_0066_,3.925
_0155_,3.925
_0156_,3.925
_0175_,3.925
_0080_,3.9
_0132_,3.9
_0133_,3.9
_0546_,3.9
_0637_,3.9
_0397_,3.88
_0529_,3.88
_0533_,3.88
_0948_,3.88
_1041_,3.88
_1198_,3.88
net109,3.88
net163,3.88
net302,3.88
net367,3.88
_0804_,3.86
_0189_,3.78
_0203_,3.78
_0245_,3.78
_0295_,3.78
_0302_,3.78
_0327_,3.78
_1035_,3.78
net183,3.78
_0954_,3.76
_0388_,3.74
_0219_,3.705
_0244_,3.705
_0168_,3.685
_0799_,3.66
_0819_,3.66
_0985_,3.66
net269,3.66
net280,3.66
rs_inst.vj_arr\[6\]\[6\],3.64
_0044_,3.635
_0108_,3.605
_0261_,3.605
_0984_,3.57
_0137_,3.56
_0512_,3.56
_0667_,3.56
_0877_,3.56
net164,3.56
net194,3.56
net255,3.56
net257,3.56
net262,3.56
net273,3.56
net315,3.56
net345,3.56
net353,3.56
net376,3.56
net377,3.56
net380,3.56
net390,3.56
_0841_,3.54
_0850_,3.54
rs_inst.vj_arr\[1\]\[19\],3.54
rs_inst.vj_arr\[1\]\[9\],3.54
net110,3.54
net141,3.54
net147,3.54
net149,3.54
net153,3.54
net156,3.54
net172,3.54
net191,3.54
net334,3.54
net361,3.54
_0023_,3.52
rs_inst.vj_arr\[4\]\[11\],3.52
_0000_,3.505
_0207_,3.505
_0346_,3.505
_0349_,3.505
_0005_,3.465
_0039_,3.465
_0050_,3.465
_0183_,3.465
_0190_,3.465
_0193_,3.465
_0202_,3.465
_0230_,3.465
_0269_,3.465
_0321_,3.465
_0124_,3.44
_1125_,3.44
_0272_,3.42
_0279_,3.42
_0472_,3.42
_0750_,3.42
_1097_,3.42
_1104_,3.42
_1131_,3.42
_1239_,3.42
net108,3.42
net132,3.42
net152,3.42
net342,3.42
net394,3.42
_0093_,3.345
_0167_,3.345
_0062_,3.32
_0098_,3.32
_0148_,3.32
_0159_,3.32
_0195_,3.32
_0246_,3.32
_0922_,3.32
net288,3.3
_0152_,3.245
_0158_,3.245
_0187_,3.245
_0221_,3.245
_0242_,3.245
_0313_,3.245
_0331_,3.245
_0334_,3.245
_0200_,3.225
_0849_,3.22
net107,3.22
net324,3.22
net341,3.22
_0344_,3.155
_0957_,3.1
_0988_,3.1
_1029_,3.1
_1045_,3.1
net330,3.1
_0139_,3.08
_0276_,3.08
_0287_,3.08
_0292_,3.08
_0615_,3.08
_0864_,3.08
_0888_,3.08
_0906_,3.08
_0951_,3.08
_1027_,3.08
net122,3.08
net128,3.08
net129,3.08
net135,3.08
net136,3.08
net154,3.08
net159,3.08
net232,3.08
net233,3.08
net320,3.08
net349,3.08
net373,3.08
_0170_,3.045
_0235_,3.045
_0337_,3.045
_0087_,3.005
_0192_,3.005
_0226_,3.005
_0266_,3.005
_0342_,3.005
_0112_,2.98
_0273_,2.98
_0452_,2.98
_0286_,2.96
_0291_,2.96
_0297_,2.96
_0488_,2.96
_0614_,2.96
_0956_,2.96
_1137_,2.96
_1229_,2.96
_1231_,2.96
rs_inst.vj_arr\[0\]\[31\],2.96
net176,2.96
net218,2.96
net247,2.96
net338,2.96
net369,2.96
_0035_,2.88
_0036_,2.86
_0096_,2.86
_0186_,2.86
_0191_,2.86
_0199_,2.86
_0300_,2.86
_0363_,2.86
_0008_,2.785
_0075_,2.785
_0143_,2.785
_0145_,2.785
_0188_,2.785
_0205_,2.765
_0857_,2.76
_0937_,2.76
_1013_,2.76
net208,2.76
net301,2.76
_0706_,2.74
_1145_,2.74
net323,2.74
_0031_,2.715
_0006_,2.705
_0277_,2.64
_0290_,2.64
_0625_,2.64
_0826_,2.64
net275,2.64
net307,2.64
net310,2.64
net311,2.64
net319,2.64
_0120_,2.62
_0121_,2.62
_0123_,2.62
_0141_,2.62
_0581_,2.62
_0773_,2.62
_0880_,2.62
_0886_,2.62
_0919_,2.62
_0939_,2.62
_0953_,2.62
net131,2.62
net146,2.62
net157,2.62
net178,2.62
net225,2.62
net238,2.62
net251,2.62
net281,2.62
net283,2.62
net343,2.62
net385,2.62
_0160_,2.595
_0182_,2.595
_0026_,2.585
_0042_,2.585
_0095_,2.585
_0254_,2.585
_0262_,2.585
_0317_,2.585
_0357_,2.585
_0360_,2.585
_0076_,2.545
_0097_,2.545
_0147_,2.545
_0161_,2.545
_0166_,2.545
_0174_,2.545
_0181_,2.545
_0225_,2.545
_0249_,2.545
_0316_,2.545
_0330_,2.545
_0361_,2.545
_1012_,2.52
net318,2.52
_0289_,2.5
_0503_,2.5
_0592_,2.5
_0770_,2.5
_0793_,2.5
_1111_,2.5
_1128_,2.5
_1180_,2.5
_1201_,2.5
_1222_,2.5
_1226_,2.5
_1232_,2.5
_1238_,2.5
net127,2.5
net204,2.5
net205,2.5
net244,2.5
net261,2.5
net263,2.5
net294,2.5
net314,2.5
net360,2.5
net392,2.5
_0157_,2.485
_0216_,2.485
_0105_,2.375
_0106_,2.375
_0085_,2.325
_0094_,2.325
_0413_,2.3
_0525_,2.3
_0558_,2.3
net161,2.3
net168,2.3
net170,2.3
net179,2.3
net266,2.3
net270,2.3
net313,2.3
_0576_,2.28
_0632_,2.28
_0109_,2.255
_0550_,2.18
_0600_,2.18
_0708_,2.18
_0903_,2.18
_0914_,2.18
net246,2.18
net279,2.18
net391,2.18
_0278_,2.16
_0280_,2.16
_0527_,2.16
_0691_,2.16
_0915_,2.16
_1021_,2.16
_1055_,2.16
_1093_,2.16
_1139_,2.16
_1224_,2.16
net155,2.16
net185,2.16
net228,2.16
net265,2.16
net286,2.16
net339,2.16
net365,2.16
_0055_,2.145
_0019_,2.125
_0021_,2.125
_0054_,2.125
_0180_,2.125
_0224_,2.125
_0247_,2.125
_0257_,2.125
_0258_,2.125
_0318_,2.125
_0319_,2.125
_0325_,2.125
_0352_,2.125
_0353_,2.125
_0009_,2.085
_0012_,2.085
_0020_,2.085
_0149_,2.085
_0227_,2.085
_0228_,2.085
_0250_,2.085
_0312_,2.085
_0347_,2.085
_0067_,2.06
_0255_,2.06
_0714_,2.06
_0629_,2.04
_1023_,2.04
net337,2.04
_0198_,2.025
_0833_,1.94
_0265_,1.915
_0002_,1.865
_0003_,1.865
_0011_,1.865
_0014_,1.865
_0046_,1.865
_0052_,1.865
_0056_,1.865
_0070_,1.865
_0079_,1.865
_0091_,1.865
_0173_,1.865
_0206_,1.865
_0223_,1.865
_0315_,1.865
_0323_,1.865
_0341_,1.865
_0270_,1.84
_0682_,1.84
_1031_,1.84
net133,1.84
net206,1.84
net214,1.84
net224,1.84
net287,1.84
net355,1.84
net364,1.84
_0540_,1.82
_0652_,1.82
_0669_,1.82
_0713_,1.82
_0932_,1.82
net240,1.82
net300,1.82
net357,1.82
_0650_,1.72
_0774_,1.72
_0835_,1.72
_0271_,1.7
_0921_,1.7
_1004_,1.7
_1234_,1.7
rs_inst.vj_arr\[5\]\[16\],1.7
rs_inst.vj_arr\[5\]\[21\],1.7
net139,1.7
net143,1.7
net144,1.7
net189,1.7
net203,1.7
net212,1.7
net271,1.7
_0045_,1.685
_0072_,1.685
_0197_,1.575
_0231_,1.575
_0834_,1.48
_0848_,1.48
_1046_,1.48
_0303_,1.46
_0010_,1.405
_0015_,1.405
_0016_,1.405
_0043_,1.405
_0057_,1.405
_0218_,1.405
_0229_,1.405
_0240_,1.405
_0326_,1.405
_0345_,1.405
_0410_,1.38
_0441_,1.38
_0610_,1.38
_0683_,1.38
_1001_,1.38
net121,1.38
net125,1.38
net130,1.38
net200,1.38
net258,1.38
net372,1.38
_0497_,1.36
_0429_,1.26
_0507_,1.26
_1080_,1.26
_1083_,1.26
_1091_,1.26
_1099_,1.26
_0811_,0.92
_0895_,0.92
net148,0.92
net193,0.92
net379,0.92
_0456_,0.8
_0464_,0.8
_0854_,0.8
rs_inst.vj_arr\[4\]\[23\],0.8
_0802_,0.46
_1195_,0.46
net124,0.46
net142,0.46
net151,0.46
net160,0.46
net162,0.46
net184,0.46
net190,0.46
net207,0.46
net209,0.46
net219,0.46
net222,0.46
net226,0.46
net231,0.46
net248,0.46
net252,0.46
net272,0.46
net293,0.46
net309,0.46
net335,0.46
net344,0.46
net346,0.46
net350,0.46
net370,0.46
net374,0.46
net387,0.46
